driverId,name,ssn,location,certified,wage-plan
10,Sonia Collins,812-57-8497,"0768 Collins Trafficway Suite 153
East Hector, WV 08493",Y,hours
11,James Guzman,195-63-1649,"351 Green Land
Carrfort, AZ 59083",N,hours
12,Daniel Coleman,301-32-0403,"786 Christine Haven Suite 404
Hendricksberg, NV 84172",Y,miles
13,Ryan Sanders,867-40-8002,"020 Mary Lake Apt. 374
Meganmouth, OK 36674",Y,miles
14,Joshua Patrick,073-16-4346,"24489 Cummings Lights Suite 957
Rodriguezburgh, DE 79220",Y,hours
15,Erika Campbell,553-57-8123,"784 Benjamin Fork Suite 979
East Jasontown, FL 65184",N,miles
16,Andrew Myers,689-29-7506,"1092 Hernandez Plaza
Lake Kevin, LA 38558",Y,hours
17,Stephanie Miller,129-50-7102,"411 Cuevas Lodge Apt. 143
East Dennis, KS 16698",Y,hours
18,Hayley Jackson,275-54-6998,"26323 Stacey Summit
Michaelside, MD 60994",Y,miles
19,Jonathan Bradley,550-59-2925,"610 Lawrence Falls
Karenville, PA 68563",N,miles
20,Courtney Roach,376-10-5365,"0641 Boyer Forge Suite 709
Johnville, GA 97724",Y,miles
21,Katherine Martinez,512-47-6542,"59423 Daniel Harbor Suite 068
Lake Kathrynton, SD 80150",Y,hours
22,Matthew Day,869-72-1764,"442 Torres Ports
East Cherylside, NV 31200",Y,hours
23,Michele Williams,061-93-9353,"6589 Matthew Lodge Apt. 109
Port Dylanhaven, UT 56065",N,miles
24,Timothy Mckay,555-97-9617,"22231 Williams Light
Oliverhaven, IN 58973",Y,hours
25,Rebecca Figueroa,207-17-2675,"52957 Sarah Mountains
Adkinshaven, PR 49049",N,miles
26,Samantha Lozano,207-85-5837,"PSC 5311, Box 2266
APO AA 48268",N,hours
27,Adrian Hernandez,447-08-3099,"969 Brian Ferry Suite 488
Sweeneyville, ND 37315",N,hours
28,Brian Harper,286-24-2764,"637 Madison Mountain Suite 444
Lake Cassandraside, NJ 83175",N,hours
29,Eric Andrews,110-59-1685,"USS Watson
FPO AA 42246",Y,miles
30,Leslie Hawkins,708-44-7225,"Unit 3199 Box 1173
DPO AA 37247",Y,hours
31,Christopher King,111-90-3640,"115 Robert Trafficway Suite 360
East Lisa, DE 90499",N,miles
32,Adam Downs,895-15-4974,"82313 Adam Fort
Brittanyfurt, CA 27040",N,hours
33,Sandra Jones,782-44-6074,"3567 Simpson Forks
Bensonland, UT 25479",N,miles
34,Sarah Simpson,500-71-1579,"PSC 5480, Box 7091
APO AP 86382",Y,miles
35,Lisa Trujillo,660-82-7203,"08773 Douglas Expressway
New Jeff, MS 49223",N,hours
36,Kara Brown,738-04-2055,"285 Jensen Corners
East Michellefort, MP 70990",N,hours
37,Kathleen Kaiser,354-84-0480,"11658 Justin Hill Suite 733
Lake Nicholeside, UT 36326",Y,miles
38,Timothy Rogers,853-11-4577,"103 Jefferson Cape
Solomonchester, TN 33258",Y,hours
39,Daniel Taylor Jr.,487-60-5168,"73723 Emily Pike Suite 768
Russellport, ID 36990",N,hours
40,Kayla Oneal,267-78-8080,"07736 Curtis Underpass
Andersonstad, MD 23112",Y,hours
41,Julia Merritt,100-52-8104,"9291 Colin Falls
Rossburgh, PA 69456",N,miles
42,Amy Mcbride,521-45-2111,"993 Kayla Land
Paulhaven, CT 31773",Y,hours
43,Christian Huynh DVM,849-42-9152,"69444 Troy Rue
West Robertmouth, DE 47131",N,hours
44,Monica Smith,045-83-3113,"3713 Nathan Highway
West Alyssabury, KY 25050",Y,hours
45,Angela Banks,239-25-6192,"7904 Jones Branch Suite 861
Port Mario, WA 74140",N,hours
46,Tony Norman,708-42-7188,"371 Maxwell Rapid
Heidiport, ND 22384",N,miles
47,Nichole Anderson,709-07-4782,"3215 Steven Grove
South Michellestad, PA 48971",Y,miles
48,Mary Armstrong,026-79-8913,"9499 Jones Isle Suite 442
Mayerhaven, NV 85603",N,hours
49,Brittany Navarro,644-89-0726,"9416 Kelly Island Apt. 412
Lake Andrew, NC 98159",N,hours
50,David Dean,485-56-4431,"5810 David Summit Suite 791
New Barbarahaven, GA 33940",Y,hours
51,Valerie Wilson,718-54-3558,"621 Michael Gardens
Caitlinhaven, VT 55717",N,miles
52,Frank Stevenson,035-29-1191,"33015 Howard Club Apt. 673
Randallview, OR 04768",Y,hours
53,Kristen Medina,652-49-2569,"6377 Debra Square
Blackwellmouth, NM 07060",N,miles
54,Shannon Roberts,562-70-0734,"175 Willis Viaduct
New Jeff, MN 22850",N,hours
55,Rodney King,589-99-2777,"04597 Shirley Meadows Suite 275
East Timothyburgh, WA 05941",N,miles
56,Kenneth Baker,447-42-5741,"Unit 6734 Box 4829
DPO AE 24570",N,miles
57,Katie Schmidt,540-35-0943,"79996 Darius Port Suite 308
Katherineborough, OH 80198",N,hours
58,Jaclyn Browning,404-99-3414,"Unit 1152 Box 1627
DPO AE 68352",N,miles
59,Adam Mcguire,225-06-5957,"6311 Abigail Hill
East Angela, RI 75152",N,miles
60,Keith Newton,736-05-7101,"8799 Brooke Pike Apt. 791
Nealside, DC 00773",Y,hours
61,Amber Owen,711-67-3054,"1161 Ryan Spur Suite 901
Sarahberg, IL 57077",Y,miles
62,Carol Miller,018-90-5451,"2724 Patrick Greens Apt. 945
Williamsville, AS 75401",Y,miles
63,Mr. Kyle Cole MD,095-71-7604,"03410 Paige Drives
New Yolandatown, CT 36959",Y,miles
64,Peter Reilly,511-75-5890,"1225 Kimberly Trace Apt. 579
West Rodneychester, AR 21509",Y,hours
65,Andrew Harris,338-46-3908,"460 Peter Port Apt. 162
Caldwellstad, ID 99472",N,miles
66,Sara Russell,333-79-8598,"485 Brian Mills
North Kenneth, MI 47287",N,hours
67,Kathy Fischer,144-43-8688,"PSC 5764, Box 7217
APO AE 88256",N,hours
68,Mckenzie Garcia,053-86-5678,"614 Barnes Estates Apt. 102
Yatesfort, LA 98371",Y,miles
69,Michael Ryan,024-74-2097,"1746 Anderson Mountains
New Brittanyberg, SD 56345",N,miles
70,Katrina Tran,096-10-8340,"1063 Garcia Islands Suite 384
South Adrianaville, NJ 23511",Y,hours
71,Nathan Fisher,544-32-2572,"5141 Dustin Turnpike Suite 963
Riverahaven, LA 92291",Y,hours
72,Erin Watkins,897-84-7840,"368 Maria Vista
Port Rachelberg, UT 05121",N,hours
73,Aaron Young,250-51-6872,"650 Jones Key
Lake Tabitha, VT 39769",Y,hours
74,Jeffrey Andrews,035-62-0696,"2373 Warren Lodge Suite 647
Port Angela, NV 15440",Y,miles
75,Heather Lopez,602-07-4622,"59554 Avila Rue
Port Shannon, RI 20524",Y,hours
76,Jorge Oconnell,230-66-5998,"013 Nathaniel Rapid
New Kevin, SD 83742",N,hours
77,Erin Smith,194-74-8799,"8651 Rivera Circles Apt. 348
Danielleview, MH 58658",Y,miles
78,Andre Choi,147-33-6240,"537 Riggs Hollow
East Rebecca, NM 64731",N,miles
79,Joseph Dunn,312-11-6253,"361 Thomas Ports Apt. 685
North Stephanie, FM 42567",Y,miles
80,Michele Jones,599-95-7863,"95535 Danielle Glens Suite 818
Lake Cassieside, PR 39725",N,hours
81,Rachel Fleming,511-97-4273,"03251 Megan Neck
West William, VT 29162",Y,miles
82,Jill Contreras,579-56-9046,"822 Keith Ways Suite 192
Andrewland, MP 08403",Y,hours
83,Tracey Mata,765-30-5316,"824 Sanders Hill Suite 252
Clarkshire, ID 13931",Y,miles
84,Sean Stewart,446-83-1249,"025 Parker Plains Suite 632
Nicoleport, MD 01478",Y,hours
85,Christine Hickman,526-40-4770,"PSC 7259, Box 5680
APO AP 15164",N,hours
86,Brian Gonzalez,710-24-9969,"191 Smith Gardens
North Lindsey, IN 33913",Y,miles
87,Sara Sullivan,160-88-7368,"26372 Jacob Course
Hudsonmouth, RI 16362",Y,miles
88,Matthew Collins,636-96-0034,"60007 Evan Locks Apt. 738
Clarkstad, NM 54706",Y,miles
89,Sheryl Moore,166-71-4874,"824 Carter Plains
West Saraside, UT 49858",N,hours
90,Patricia Gentry,485-88-0869,"44186 Jennifer Junctions
West Scottmouth, GA 23281",N,hours
91,Amy Brown,728-48-3071,"00334 Jason Plaza Suite 865
Xavierchester, MH 02120",Y,miles
92,Antonio Lee,225-04-5514,"519 Kirk Trace
Careystad, PA 98711",Y,miles
93,Amanda Smith,698-37-3882,"576 Mathew Isle Apt. 021
South Cynthia, IA 22329",Y,miles
94,Christina Foster,532-08-9382,"84154 Janice Green
Travischester, AZ 62225",Y,miles
95,Natasha Anderson,371-59-2330,"94752 Michael Fords Apt. 435
West Williammouth, MS 28498",N,hours
96,Lisa Mcgrath,804-99-4205,"4352 Allison Streets
Taylorborough, VI 95618",Y,miles
97,Tammy Smith,182-14-3439,"69425 Dave Crescent Suite 712
Christopherview, MI 41347",N,hours
98,Samuel Garner,073-83-9369,"16618 Jeanne Groves
Andrewborough, MO 20804",N,hours
99,Kathleen Bender,779-36-4744,"41269 Valencia Spur
Drewmouth, LA 77935",N,hours
100,Kenneth Hale,597-44-5245,"249 Bernard Creek
Hardyhaven, MT 43495",Y,miles
101,Heather Sanchez,748-22-9987,"59425 Jessica Bypass Apt. 634
South Henryberg, ME 52186",N,miles
102,Johnny Armstrong,607-88-6393,"8083 Patton Rapid Apt. 416
Richstad, IL 60297",Y,miles
103,Paul Smith,027-35-6453,"97215 Chris Alley
Alyssabury, MT 32481",N,miles
104,Brooke Gomez,207-74-8929,"536 Torres Mission Suite 460
Port Caitlinshire, CO 84983",Y,hours
105,Jill Cole,667-16-4288,"PSC 8375, Box 0660
APO AA 66651",N,miles
106,Melissa Miller,378-13-6836,"USCGC Murphy
FPO AA 88738",N,miles
107,Emily Curtis,019-14-6657,"1265 Paul Street
New Susanmouth, MD 22501",Y,hours
108,Dr. Elizabeth Willis,767-72-4861,"5216 Hawkins Knoll
North James, ID 88472",N,miles
109,Eric Spence,247-48-8511,"424 Linda Creek
Georgeberg, VI 04926",N,hours
